City_ID,City,Country,Date,Lat,Lng,Max Temp,Humidity,Cloudiness,Wind Speed
0,Kapaa,US,2022-01-25 01:08:37,22.0752,-159.319,78.78,64,40,1.99
1,Bombay,IN,2022-01-25 01:08:29,19.0144,72.8479,62.58,51,20,0.0
2,Tuktoyaktuk,CA,2022-01-25 01:12:04,69.4541,-133.0374,23.45,87,100,17.31
3,Makat,KZ,2022-01-25 01:12:04,47.6469,53.3463,17.4,91,100,15.26
4,Barrow,US,2022-01-25 01:04:15,71.2906,-156.7887,12.22,79,100,17.27
5,Atuona,PF,2022-01-25 01:07:27,-9.8,-139.0333,78.78,73,25,17.65
6,Vetluzhskiy,RU,2022-01-25 01:12:05,58.3902,45.4654,7.59,96,96,6.76
7,Georgetown,MY,2022-01-25 01:08:28,5.4112,100.3354,80.53,83,20,0.0
8,Bluff,NZ,2022-01-25 01:05:36,-46.6,168.3333,60.8,74,100,14.47
9,Saint-Philippe,RE,2022-01-25 01:08:38,-21.3585,55.7679,76.59,69,55,14.99
10,Hilo,US,2022-01-25 01:09:52,19.7297,-155.09,80.33,58,20,9.22
11,Arraial Do Cabo,BR,2022-01-25 01:11:40,-22.9661,-42.0278,75.9,88,32,22.01
12,Provideniya,RU,2022-01-25 01:08:43,64.3833,-173.3,6.91,72,75,11.18
13,Ndele,CF,2022-01-25 01:12:05,8.4109,20.6473,70.23,26,78,4.76
14,Longyearbyen,SJ,2022-01-25 01:08:15,78.2186,15.6401,22.84,74,40,24.16
15,Talnakh,RU,2022-01-25 01:10:27,69.4865,88.3972,-6.12,97,98,10.98
16,Salinopolis,BR,2022-01-25 01:12:06,-0.6136,-47.3561,78.19,78,100,8.81
17,Rikitea,PF,2022-01-25 01:09:47,-23.1203,-134.9692,78.49,72,100,17.83
18,Lata,PT,2022-01-25 01:12:07,40.1629,-8.3327,41.72,85,0,4.25
19,Lazaro Cardenas,MX,2022-01-25 01:12:07,17.9583,-102.2,77.34,70,65,7.09
20,San Patricio,US,2022-01-25 01:12:07,28.017,-97.5169,53.58,89,18,6.4
21,Vaini,TO,2022-01-25 01:10:23,-21.2,-175.2,80.42,77,17,14.63
22,Lavrentiya,RU,2022-01-25 01:12:08,65.5833,-171.0,-4.88,96,100,6.08
23,Launceston,AU,2022-01-25 01:07:52,-41.45,147.1667,79.61,56,40,1.01
24,Cuamba,MZ,2022-01-25 01:12:08,-14.8031,36.5372,68.32,97,100,11.48
25,Garmsar,IR,2022-01-25 01:12:08,35.2182,52.3409,39.09,36,0,1.43
26,Castro,BR,2022-01-25 01:09:45,-24.7911,-50.0119,66.56,68,88,5.19
27,Lebu,CL,2022-01-25 01:11:38,-37.6167,-73.65,58.66,81,0,17.47
28,Karratha,AU,2022-01-25 01:10:29,-20.7377,116.8463,87.22,67,3,11.59
29,Pokhara,NP,2022-01-25 01:12:09,28.2333,83.9833,48.72,47,93,5.59
30,Honningsvag,NO,2022-01-25 01:12:09,70.9821,25.9704,30.67,77,100,39.44
31,Qaanaaq,GL,2022-01-25 01:10:24,77.484,-69.3632,-16.1,66,20,7.58
32,Albany,US,2022-01-25 01:06:31,42.6001,-73.9662,27.09,65,100,2.59
33,Marawi,PH,2022-01-25 01:12:10,7.9986,124.2928,65.64,97,100,3.02
34,Kruisfontein,ZA,2022-01-25 01:11:36,-34.0033,24.7314,67.89,82,12,10.31
35,Busselton,AU,2022-01-25 01:09:50,-33.65,115.3333,72.09,57,38,14.85
36,Jamestown,US,2022-01-25 01:05:22,42.097,-79.2353,23.29,68,100,3.0
37,Miramar,US,2022-01-25 01:12:10,25.9873,-80.2323,59.05,56,0,6.91
38,Aksarka,RU,2022-01-25 01:12:10,66.5606,67.7975,-0.53,96,55,12.26
39,Punta Arenas,CL,2022-01-25 01:08:40,-53.15,-70.9167,46.51,76,20,35.68
40,Juneau,US,2022-01-25 01:12:11,58.3019,-134.4197,38.84,96,100,3.0
41,Butaritari,KI,2022-01-25 01:09:47,3.0707,172.7902,81.3,79,100,17.87
42,Seabra,BR,2022-01-25 01:12:11,-12.4186,-41.7703,65.5,89,100,2.28
43,Fortuna,US,2022-01-25 01:12:11,40.5982,-124.1573,54.19,90,1,1.01
44,Aykhal,RU,2022-01-25 01:12:12,66.0,111.5,-16.24,100,100,4.74
45,Iqaluit,CA,2022-01-25 01:08:43,63.7506,-68.5145,-22.31,67,100,1.99
46,Faanui,PF,2022-01-25 01:12:12,-16.4833,-151.75,81.25,73,100,8.79
47,Mamlyutka,KZ,2022-01-25 01:13:12,54.9375,68.5394,7.5,92,100,8.48
48,Taoudenni,ML,2022-01-25 01:10:25,22.6783,-3.9836,67.42,19,100,8.05
49,Ushuaia,AR,2022-01-25 01:08:34,-54.8,-68.3,42.46,87,75,26.46
50,Visby,SE,2022-01-25 01:13:13,57.6409,18.296,40.05,93,75,10.36
51,San Ramon,US,2022-01-25 01:08:51,37.7799,-121.978,61.29,67,0,1.99
52,Porbandar,IN,2022-01-25 01:13:13,21.6422,69.6093,60.03,44,0,8.05
53,Iskandar,UZ,2022-01-25 01:13:14,41.5539,69.7008,27.45,40,12,8.39
54,Hermanus,ZA,2022-01-25 01:08:33,-34.4187,19.2345,68.81,93,24,9.4
55,Verkhnechusovskiye Gorodki,RU,2022-01-25 01:13:14,58.1671,57.1086,13.75,93,100,8.84
56,Port Elizabeth,ZA,2022-01-25 01:09:45,-33.918,25.5701,70.11,84,8,12.5
57,Mataura,NZ,2022-01-25 01:09:49,-46.1927,168.8643,60.48,48,100,4.81
58,Lodja,CD,2022-01-25 01:13:15,-3.4833,23.4333,69.78,97,100,0.09
59,Saint-Leu,RE,2022-01-25 01:13:15,-21.15,55.2833,76.06,68,24,11.14
60,Severo-Kurilsk,RU,2022-01-25 01:11:38,50.6789,156.125,24.39,73,99,7.9
61,Hithadhoo,MV,2022-01-25 01:11:36,-0.6,73.0833,81.21,72,100,14.63
62,Tomatlan,MX,2022-01-25 01:13:15,19.9333,-105.25,73.08,61,84,0.96
63,Bengkulu,ID,2022-01-25 01:13:16,-3.8004,102.2655,78.46,78,54,3.51
64,Namibe,AO,2022-01-25 01:13:16,-15.1961,12.1522,75.6,82,35,3.58
65,Antsohihy,MG,2022-01-25 01:13:17,-14.8796,47.9875,71.51,97,100,2.46
66,Nyurba,RU,2022-01-25 01:13:17,63.2842,118.3319,-21.44,100,100,2.21
67,Port Alfred,ZA,2022-01-25 01:09:54,-33.5906,26.891,69.85,86,4,14.54
68,New Norfolk,AU,2022-01-25 01:12:52,-42.7826,147.0587,70.66,50,31,4.45
69,Payakumbuh,ID,2022-01-25 01:13:18,-0.2202,100.6308,72.46,89,96,0.6
70,Ucluelet,CA,2022-01-25 01:12:43,48.9329,-125.5528,40.08,92,49,4.54
71,Belousovka,KZ,2022-01-25 01:13:18,50.1339,82.5239,-10.35,77,100,2.24
72,Clyde River,CA,2022-01-25 01:08:36,70.4692,-68.5914,-1.97,84,100,26.46
73,Luderitz,NA,2022-01-25 01:13:19,-26.6481,15.1594,74.84,64,2,15.68
74,Gazojak,TM,2022-01-25 01:13:19,41.1875,61.4036,25.3,83,5,9.86
75,Ribeira Grande,PT,2022-01-25 01:13:19,38.5167,-28.7,59.27,66,100,5.53
76,Shenkursk,RU,2022-01-25 01:13:20,62.1091,42.896,24.96,90,100,13.58
77,Avarua,CK,2022-01-25 01:09:09,-21.2078,-159.775,80.65,89,100,8.05
78,Ponta Do Sol,PT,2022-01-25 01:13:20,32.6667,-17.1,61.43,54,58,9.17
79,Leh,IN,2022-01-25 01:13:20,34.1667,77.5833,-2.52,96,100,3.09
80,Husavik,IS,2022-01-25 01:13:21,66.0449,-17.3389,31.78,82,100,11.77
81,Kavieng,PG,2022-01-25 01:07:00,-2.5744,150.7967,85.1,68,63,5.28
82,Acapulco,MX,2022-01-25 01:07:44,16.8634,-99.8901,82.22,69,75,10.36
83,Singarayakonda,IN,2022-01-25 01:13:21,15.25,80.0333,69.03,53,0,8.66
84,Hobart,AU,2022-01-25 01:08:42,-42.8794,147.3294,71.02,81,75,1.01
85,Tonantins,BR,2022-01-25 01:11:15,-2.8731,-67.8022,75.36,95,97,1.28
86,Narowal,PK,2022-01-25 01:13:22,32.1,74.8833,46.29,90,4,2.95
87,Igrim,RU,2022-01-25 01:13:22,63.1906,64.4162,-4.34,99,15,5.64
88,Tigil,RU,2022-01-25 01:13:22,57.8,158.6667,-4.34,96,97,2.15
89,Port Hardy,CA,2022-01-25 01:11:44,50.6996,-127.4199,44.76,82,49,4.09
90,Mar Del Plata,AR,2022-01-25 01:09:11,-38.0023,-57.5575,71.87,87,0,7.0
91,Scalea,IT,2022-01-25 01:14:23,39.813,15.7956,37.67,53,0,8.03
92,Nyagan,RU,2022-01-25 01:14:23,62.1406,65.3936,-2.2,99,32,4.63
93,Saint-Dizier,FR,2022-01-25 01:14:24,48.4167,5.0833,28.45,77,0,3.02
94,Opuwo,NA,2022-01-25 01:14:24,-18.0607,13.84,71.55,39,43,3.69
95,Ati,TD,2022-01-25 01:14:24,13.2154,18.3353,64.74,17,0,10.47
96,Itum-Kale,RU,2022-01-25 01:14:25,42.7356,45.5758,30.65,66,2,6.69
97,Cape Town,ZA,2022-01-25 01:10:06,-33.9258,18.4232,69.89,86,16,5.01
98,Khatanga,RU,2022-01-25 01:14:25,71.9667,102.5,10.08,93,100,19.26
99,Carnarvon,AU,2022-01-25 01:11:07,-24.8667,113.6333,87.87,35,0,19.57
100,Santa Fe,AR,2022-01-25 01:09:54,-31.6333,-60.7,80.01,87,100,1.99
101,Kahului,US,2022-01-25 01:14:26,20.8947,-156.47,80.62,69,20,26.46
102,Komsomolskiy,UZ,2022-01-25 01:11:33,40.4272,71.7189,29.62,54,100,2.68
103,Moose Factory,CA,2022-01-25 01:14:26,51.2585,-80.6094,-18.4,76,100,5.75
104,El Alto,PE,2022-01-25 01:14:26,-4.2714,-81.2147,69.04,86,87,16.06
105,Poum,NC,2022-01-25 01:14:27,-20.2333,164.0167,79.72,73,0,13.8
106,Laurel,US,2022-01-25 01:09:29,39.0993,-76.8483,37.6,74,0,3.0
107,Guerrero Negro,MX,2022-01-25 01:06:54,27.9769,-114.0611,62.91,59,0,13.06
108,Asau,RO,2022-01-25 01:14:27,46.4333,26.4,13.95,88,25,5.17
109,Labuhan,ID,2022-01-25 01:14:27,-6.8844,112.2051,82.15,80,91,11.27
110,Bredasdorp,ZA,2022-01-25 01:08:41,-34.5322,20.0403,68.29,83,91,8.05
111,Yumen,CN,2022-01-25 01:14:28,40.2833,97.2,17.47,42,100,9.04
112,Minbu,MM,2022-01-25 01:14:28,20.1833,94.8833,64.87,71,24,3.36
113,Moroto,UG,2022-01-25 01:14:28,2.5345,34.6666,70.63,34,50,6.31
114,Chimbote,PE,2022-01-25 01:14:29,-9.0853,-78.5783,71.51,84,91,9.44
115,Codrington,AU,2022-01-25 01:14:29,-38.2667,141.9667,88.72,33,17,11.95
116,Victoria,HK,2022-01-25 01:13:31,22.2855,114.1577,68.05,90,99,1.99
117,Great Bend,US,2022-01-25 01:09:54,38.3645,-98.7648,43.03,58,0,8.05
118,Nouadhibou,MR,2022-01-25 01:14:29,20.931,-17.0347,67.98,77,100,18.41
119,Chopda,IN,2022-01-25 01:14:30,21.25,75.3,55.72,58,0,6.04
120,Kodiak,US,2022-01-25 01:09:50,57.79,-152.4072,40.51,81,100,0.0
121,Tursunzoda,TJ,2022-01-25 01:14:30,38.5144,68.2333,31.08,37,0,5.86
122,Chuy,UY,2022-01-25 01:14:31,-33.6971,-53.4616,74.44,90,100,7.09
123,Sambava,MG,2022-01-25 01:14:31,-14.2667,50.1667,74.77,88,100,3.0
124,Oranjemund,NA,2022-01-25 01:14:31,-28.55,16.4333,65.71,90,5,11.41
125,Vostok,RU,2022-01-25 01:14:32,46.4856,135.8833,4.66,90,74,0.83
126,Upernavik,GL,2022-01-25 01:10:03,72.7868,-56.1549,-15.07,90,97,10.42
127,Portland,US,2022-01-25 01:10:06,45.5234,-122.6762,47.77,84,20,1.01
128,Tamandare,BR,2022-01-25 01:14:32,-8.7597,-35.1047,79.09,76,100,7.52
129,Bambous Virieux,MU,2022-01-25 01:14:32,-20.3428,57.7575,77.25,61,40,11.5
130,Puerto Ayora,EC,2022-01-25 01:08:07,-0.7393,-90.3518,73.67,91,91,9.51
131,Limbang,MY,2022-01-25 01:14:33,4.75,115.0,82.51,85,100,2.39
132,Qui Nhon,VN,2022-01-25 01:14:33,13.7667,109.2333,75.45,88,34,5.73
133,Kloulklubed,PW,2022-01-25 01:14:34,7.0419,134.2556,79.3,79,93,18.77
134,Eyl,SO,2022-01-25 01:14:34,7.9803,49.8164,71.06,72,5,18.12
135,Itarema,BR,2022-01-25 01:15:34,-2.9248,-39.9167,79.02,78,100,10.04
136,Sept-Iles,CA,2022-01-25 01:15:02,50.2001,-66.3821,-7.17,64,0,5.75
137,Olafsvik,IS,2022-01-25 01:15:35,64.8945,-23.7142,39.27,97,100,37.36
138,Montague,US,2022-01-25 01:15:35,42.5356,-72.5351,29.35,72,100,3.18
139,Saskylakh,RU,2022-01-25 01:15:36,71.9167,114.0833,-2.87,96,62,10.07
140,Waterloo,CA,2022-01-25 01:13:02,43.4668,-80.5164,20.25,93,100,1.99
141,Mandera,KE,2022-01-25 01:15:36,3.9366,41.867,77.52,34,6,10.18
142,Zhanaozen,KZ,2022-01-25 01:15:37,43.3,52.8,27.54,80,7,16.33
143,Thompson,CA,2022-01-25 01:11:37,55.7435,-97.8558,-13.7,89,44,9.51
144,Fethiye,TR,2022-01-25 01:15:37,36.6217,29.1164,35.47,85,100,6.87
145,Raudeberg,NO,2022-01-25 01:15:37,61.9875,5.1352,39.87,78,100,3.67
146,Ginda,IN,2022-01-25 01:15:38,30.6945,78.4932,30.02,63,6,8.5
147,Klaksvik,FO,2022-01-25 01:10:31,62.2266,-6.589,41.92,78,100,15.84
148,Osypenko,UA,2022-01-25 01:15:38,46.9136,36.8253,30.22,97,100,5.57
149,Camocim,BR,2022-01-25 01:12:43,-2.9022,-40.8411,78.13,80,100,9.24
150,Whitefish,US,2022-01-25 01:15:38,48.4111,-114.3376,28.06,85,0,3.44
151,Furth Im Wald,DE,2022-01-25 01:15:39,49.3097,12.84,35.44,93,97,0.92
152,Airai,TL,2022-01-25 01:15:39,-8.9266,125.4092,72.28,64,31,3.27
153,Kaitangata,NZ,2022-01-25 01:15:39,-46.2817,169.8464,65.93,55,100,5.88
154,Mahebourg,MU,2022-01-25 01:15:40,-20.4081,57.7,77.29,61,40,11.5
155,Kargil,IN,2022-01-25 01:15:40,34.5667,76.1,-7.04,97,100,2.98
156,Salalah,OM,2022-01-25 01:05:02,17.0151,54.0924,68.09,34,0,9.22
157,Santiago,CL,2022-01-25 01:11:34,-33.4569,-70.6483,76.86,35,0,14.97
158,Bandarbeyla,SO,2022-01-25 01:15:41,9.4942,50.8122,73.15,68,73,21.16
159,Chokurdakh,RU,2022-01-25 01:11:32,70.6333,147.9167,-20.07,99,100,5.53
160,Nikolayevsk-Na-Amure,RU,2022-01-25 01:15:42,53.1406,140.73,-0.38,92,6,4.29
161,Peace River,CA,2022-01-25 01:11:14,56.2501,-117.286,11.08,98,94,2.46
162,Fez,MA,2022-01-25 01:15:42,34.0372,-4.9998,46.51,81,20,4.61
163,Tual,ID,2022-01-25 01:15:42,-5.6667,132.75,83.73,78,44,13.87
164,Hay River,CA,2022-01-25 01:15:23,60.8156,-115.7999,-0.42,78,75,9.22
165,Palmerston,AU,2022-01-25 01:15:27,-12.486,130.9833,85.93,79,75,9.22
166,Baracoa,CU,2022-01-25 01:15:43,20.3467,-74.4958,73.11,88,30,8.08
167,Solnechnyy,RU,2022-01-25 01:15:43,50.7214,136.6319,-1.53,91,22,2.48
168,Bethel,US,2022-01-25 01:08:34,41.3712,-73.414,30.92,76,100,4.61
169,Balod,IN,2022-01-25 01:15:44,20.73,81.2047,52.97,71,0,2.66
170,Dakar,SN,2022-01-25 01:11:44,14.6937,-17.4441,83.28,46,100,10.96
171,Bacungan,PH,2022-01-25 01:15:44,9.9106,118.7022,81.68,77,51,5.57
172,Bodden Town,KY,2022-01-25 01:15:45,19.2833,-81.25,75.92,79,20,9.22
173,Nizhyn,UA,2022-01-25 01:15:45,51.048,31.8869,8.49,96,36,6.26
174,Srednekolymsk,RU,2022-01-25 01:15:45,67.45,153.6833,-26.63,98,99,6.91
175,Anadyr,RU,2022-01-25 01:15:46,64.75,177.4833,-19.7,69,0,6.71
176,Requena,ES,2022-01-25 01:15:46,39.4883,-1.1004,42.71,87,100,4.29
177,Verkhniy Uslon,RU,2022-01-25 01:15:46,55.7701,48.9823,-3.78,100,87,4.27
178,Mugur-Aksy,RU,2022-01-25 01:15:47,50.35,90.5,-13.45,78,2,5.97
179,Artigas,UY,2022-01-25 01:15:47,-30.4,-56.4667,77.27,80,21,10.0
180,Navahrudak,BY,2022-01-25 01:15:47,53.6,25.8333,24.44,96,100,9.01
181,Okato,NZ,2022-01-25 01:15:48,-39.2,173.8833,70.68,65,89,12.44
182,Esil,KZ,2022-01-25 01:15:48,51.9556,66.4042,-7.98,95,100,1.48
183,Liuhe,CN,2022-01-25 01:16:48,42.2401,125.7172,16.34,71,94,1.72
184,East London,ZA,2022-01-25 01:10:23,-33.0153,27.9116,70.57,78,6,10.2
185,Morondava,MG,2022-01-25 01:16:49,-20.2833,44.2833,77.65,82,100,5.35
186,Malibu,US,2022-01-25 01:16:49,34.005,-118.8101,69.85,71,6,1.45
187,Port Hedland,AU,2022-01-25 01:16:50,-20.3167,118.5667,91.45,66,72,11.5
188,Ornskoldsvik,SE,2022-01-25 01:16:50,63.2909,18.7153,33.62,80,75,11.5
189,Shamary,RU,2022-01-25 01:16:50,57.3434,58.2199,10.31,96,100,7.47
190,Gawler,AU,2022-01-25 01:16:51,-34.6,138.7333,90.63,52,1,6.33
191,Nelson Bay,AU,2022-01-25 01:11:42,-32.7167,152.15,81.28,64,49,6.8
192,Bogoslovka,RU,2022-01-25 01:16:51,53.2084,44.8013,1.53,97,95,4.09
193,Huarmey,PE,2022-01-25 01:09:44,-10.0681,-78.1522,72.48,83,100,9.33
194,Khani,GE,2022-01-25 01:16:52,41.9563,42.9566,27.97,93,89,4.52
195,Yerbogachen,RU,2022-01-25 01:16:52,61.2767,108.0108,-11.04,99,100,3.06
196,Moranbah,AU,2022-01-25 01:16:52,-22.0016,148.0466,77.32,65,100,10.8
197,Jiuquan,CN,2022-01-25 01:16:53,39.7432,98.5174,18.54,54,100,3.58
198,Seguela,CI,2022-01-25 01:16:53,7.9611,-6.6731,71.08,19,12,4.09
199,Dingle,PH,2022-01-25 01:16:53,10.9995,122.6711,77.05,91,100,9.78
200,Hamilton,US,2022-01-25 01:09:46,39.1834,-84.5333,39.04,93,100,5.01
201,Lagunas,PE,2022-01-25 01:16:54,-5.2269,-75.6753,77.34,81,100,1.12
202,Bara,NG,2022-01-25 01:16:54,10.3744,10.7288,63.16,21,3,8.12
203,Burns Lake,CA,2022-01-25 01:16:55,54.2331,-125.7533,26.02,94,100,2.01
204,Shelburne,CA,2022-01-25 01:15:23,44.0787,-80.2041,18.23,86,100,4.36
205,Dawei,MM,2022-01-25 01:16:55,14.0833,98.2,67.05,68,7,3.58
206,Carutapera,BR,2022-01-25 01:16:55,-1.195,-46.02,76.87,90,100,6.42
207,Monrovia,LR,2022-01-25 01:16:56,6.3005,-10.7969,74.97,83,86,3.31
208,Tabou,CI,2022-01-25 01:16:56,4.423,-7.3528,77.34,85,34,1.52
209,Mendi,PG,2022-01-25 01:16:56,-6.1761,143.6513,71.28,58,100,3.65
210,Agadez,NE,2022-01-25 01:16:57,19.75,10.25,51.21,28,0,10.07
211,Nanortalik,GL,2022-01-25 01:16:57,60.1432,-45.2371,27.59,65,100,22.12
212,Dolores,AR,2022-01-25 01:16:58,-36.3132,-57.6792,71.17,94,98,7.29
213,Nemuro,JP,2022-01-25 01:09:53,43.3236,145.575,24.58,70,56,10.63
214,Maniitsoq,GL,2022-01-25 01:16:58,65.4167,-52.9,20.95,80,100,19.77
215,Siocon,PH,2022-01-25 01:16:59,7.7061,122.1353,78.3,84,100,5.66
216,Watsa,CD,2022-01-25 01:16:59,3.0372,29.5355,68.99,65,100,1.28
217,Port Augusta,AU,2022-01-25 01:17:00,-32.5,137.7667,86.7,48,0,2.19
218,Tiksi,RU,2022-01-25 01:12:51,71.6872,128.8694,-8.18,97,100,8.46
219,Namatanai,PG,2022-01-25 01:11:32,-3.6667,152.4333,85.08,69,97,4.41
220,Myitkyina,MM,2022-01-25 01:17:01,25.3833,97.4,55.65,99,100,1.43
221,Ahipara,NZ,2022-01-25 01:11:41,-35.1667,173.1667,71.04,94,87,8.97
222,Geraldton,AU,2022-01-25 01:17:02,-28.7667,114.6,75.61,41,0,18.41
223,Bolotnoye,RU,2022-01-25 01:17:02,55.6717,84.3981,-0.65,97,100,7.34
224,Salisbury,GB,2022-01-25 01:17:03,51.0693,-1.7957,40.41,85,100,2.3
225,Aswan,EG,2022-01-25 01:17:03,24.0934,32.907,49.93,45,6,11.92
226,Roma,US,2022-01-25 01:04:49,43.2128,-75.4557,20.66,86,100,8.05
227,Ishigaki,JP,2022-01-25 01:17:03,24.3448,124.1572,69.93,73,75,12.66
228,Hami,CN,2022-01-25 01:17:04,42.8,93.45,23.5,52,100,5.12
229,Bonavista,CA,2022-01-25 01:15:09,48.6499,-53.1147,33.12,97,100,24.4
230,Faya,SA,2022-01-25 01:17:04,18.3851,42.4509,48.31,54,0,0.43
231,Caravelas,BR,2022-01-25 01:09:27,-17.7125,-39.2481,74.17,90,100,4.59
232,Grand Gaube,MU,2022-01-25 01:18:05,-20.0064,57.6608,77.4,70,68,3.0
233,Palana,RU,2022-01-25 01:18:05,59.1167,159.9667,-7.62,94,50,4.54
234,Boli,CN,2022-01-25 01:18:05,45.7667,130.5167,12.49,73,94,1.12
235,Palu,ID,2022-01-25 01:18:06,-0.8917,119.8707,83.52,73,100,1.63
236,Cidreira,BR,2022-01-25 01:08:39,-30.1811,-50.2056,76.42,91,0,14.2
237,Erdaojiang,CN,2022-01-25 01:18:06,41.7764,126.0319,16.95,79,100,0.65
238,Wagga Wagga,AU,2022-01-25 01:14:15,-35.1167,147.3667,85.84,38,20,5.17
239,Goundam,ML,2022-01-25 01:18:06,16.4145,-3.6708,65.79,13,100,10.27
240,Zhmerynka,UA,2022-01-25 01:18:07,49.037,28.112,16.84,96,34,7.94
241,Norman Wells,CA,2022-01-25 01:18:07,65.282,-126.8329,12.24,85,75,3.44
242,Nata,PA,2022-01-25 01:18:07,8.3333,-80.5167,78.67,77,79,11.86
243,Pevek,RU,2022-01-25 01:10:25,69.7008,170.3133,-15.75,98,100,6.91
244,Port Lincoln,AU,2022-01-25 01:18:08,-34.7333,135.8667,76.37,65,0,3.36
245,Charters Towers,AU,2022-01-25 01:18:08,-20.1,146.2667,75.06,84,100,5.64
246,Hualmay,PE,2022-01-25 01:11:39,-11.0964,-77.6139,72.55,80,94,9.93
247,Cadillac,US,2022-01-25 01:18:09,44.2519,-85.4012,16.84,79,100,0.0
248,Tongchuan,CN,2022-01-25 01:18:09,35.0806,109.0897,34.32,75,89,1.63
249,Izhma,RU,2022-01-25 01:18:09,65.0083,53.9113,25.95,92,100,10.98
250,Hofn,IS,2022-01-25 01:18:10,64.2539,-15.2082,32.79,97,100,3.91
251,Mayo,US,2022-01-25 01:18:10,38.8876,-76.5119,37.74,77,0,4.0
252,Krasnoselkup,RU,2022-01-25 01:18:10,65.7,82.4667,-10.23,99,62,8.75
253,Margate,GB,2022-01-25 01:18:11,51.3813,1.3862,40.91,78,35,1.01
254,Te Anau,NZ,2022-01-25 01:16:20,-45.4167,167.7167,66.87,51,100,3.13
255,Springbok,ZA,2022-01-25 01:18:11,-29.6643,17.8865,75.31,42,4,3.11
256,Staraya Poltavka,RU,2022-01-25 01:18:12,50.4772,46.4814,13.73,93,100,9.26
257,Cherskiy,RU,2022-01-25 01:11:39,68.75,161.3,-32.31,100,100,5.7
258,Muros,ES,2022-01-25 01:18:12,42.7762,-9.0603,46.24,83,2,5.21
259,Ostrovnoy,RU,2022-01-25 01:18:13,68.0531,39.5131,21.36,90,4,12.26
260,Ancud,CL,2022-01-25 01:18:13,-41.8697,-73.8203,57.42,84,42,4.54
261,Clonakilty,IE,2022-01-25 01:18:13,51.6231,-8.8706,45.09,82,100,5.5
262,Pundaguitan,PH,2022-01-25 01:18:13,6.3711,126.1689,80.73,78,26,5.73
263,Leua,SK,2022-01-25 01:18:14,48.2156,18.6071,25.5,93,21,2.17
264,Tilichiki,RU,2022-01-25 01:18:14,60.4667,166.1,-16.38,92,19,6.38
265,Sabha,LY,2022-01-25 01:17:32,27.0377,14.4283,45.84,49,1,9.28
266,Qasigiannguit,GL,2022-01-25 01:18:15,68.8193,-51.1922,23.25,85,100,6.46
267,Santa Marta,CO,2022-01-25 01:18:15,11.2408,-74.199,83.89,52,34,18.01
268,Yar-Sale,RU,2022-01-25 01:18:15,66.8333,70.8333,4.01,95,22,12.82
269,Nagorsk,RU,2022-01-25 01:18:16,59.3172,50.8078,12.25,90,99,10.92
270,Shishou,CN,2022-01-25 01:18:16,29.7226,112.419,39.6,81,100,4.7
271,Saint George,US,2022-01-25 01:07:09,37.1041,-113.5841,55.99,29,0,1.99
272,Bintulu,MY,2022-01-25 01:18:16,3.1667,113.0333,79.21,89,20,4.61
273,Tenabo,MX,2022-01-25 01:18:17,20.05,-90.2333,75.2,67,0,6.31
274,Nassau,US,2022-01-25 01:15:23,40.7507,-73.5829,34.07,76,100,1.01
275,Vestmannaeyjar,IS,2022-01-25 01:18:42,63.4427,-20.2734,43.48,93,100,37.47
276,Montevideo,UY,2022-01-25 01:19:17,-34.8335,-56.1674,76.71,78,0,11.5
277,Yaan,NG,2022-01-25 01:17:33,7.3833,8.5667,76.77,16,1,7.65
278,Vestmanna,FO,2022-01-25 01:19:18,62.1564,-7.1664,40.12,81,75,13.8
279,Waipawa,NZ,2022-01-25 01:19:18,-41.4122,175.5153,68.63,58,100,2.84
280,Mustasaari,FI,2022-01-25 01:19:18,63.1142,21.6822,33.75,69,0,10.36
281,Darnah,LY,2022-01-25 01:19:19,32.767,22.6367,49.33,63,100,20.07
282,Nome,US,2022-01-25 01:19:19,64.5011,-165.4064,19.47,74,100,20.71
283,Torbay,CA,2022-01-25 01:19:19,47.6666,-52.7314,32.76,96,100,35.68
284,Samarai,PG,2022-01-25 01:19:20,-10.6167,150.6667,86.76,68,100,8.93
285,Suntar,RU,2022-01-25 01:19:20,62.1444,117.6319,-7.78,99,100,3.2
286,Risor,NO,2022-01-25 01:19:20,58.7206,9.2342,38.16,72,11,12.26
287,Bathsheba,BB,2022-01-25 01:19:21,13.2167,-59.5167,77.61,69,20,12.66
288,Teya,RU,2022-01-25 01:19:21,60.3778,92.6267,-8.88,100,88,1.9
289,Meulaboh,ID,2022-01-25 01:19:21,4.1363,96.1285,75.88,88,99,3.13
290,Lat Yao,TH,2022-01-25 01:19:22,15.751,99.7893,76.51,50,0,1.77
291,Bumba,CD,2022-01-25 01:19:22,2.1833,22.4667,72.72,53,86,2.04
292,Barra,BR,2022-01-25 01:19:22,-11.0894,-43.1417,75.2,77,100,9.78
293,San Isidro,PE,2022-01-25 01:19:22,-12.1167,-77.05,73.02,78,0,10.36
294,Araouane,ML,2022-01-25 01:16:17,18.9048,-3.5265,63.59,13,89,10.76
295,Batagay,RU,2022-01-25 01:19:23,67.6333,134.6333,-19.52,100,100,2.1
296,Abha,SA,2022-01-25 01:19:23,18.2164,42.5053,48.02,53,0,4.61
297,Dikson,RU,2022-01-25 01:19:23,73.5069,80.5464,10.42,84,100,34.63
298,Coquimbo,CL,2022-01-25 01:19:24,-29.9533,-71.3436,60.53,94,0,5.75
299,Cabo San Lucas,MX,2022-01-25 01:09:50,22.8909,-109.9124,70.52,67,20,1.01
300,San Rafael,AR,2022-01-25 01:16:40,-34.6177,-68.3301,78.03,57,1,7.27
301,Berlevag,NO,2022-01-25 01:19:24,70.8578,29.0864,29.77,85,100,34.02
302,Oxapampa,PE,2022-01-25 01:19:25,-10.5775,-75.4017,60.3,97,100,1.23
303,Lulea,SE,2022-01-25 01:19:25,65.5842,22.1547,30.27,59,0,14.97
304,Krivosheino,RU,2022-01-25 01:19:25,57.3431,83.9261,0.39,97,96,4.9
305,Tautira,PF,2022-01-25 01:19:26,-17.7333,-149.15,84.22,80,100,11.61
306,Nikolskoye,RU,2022-01-25 01:18:44,59.7035,30.7861,33.87,96,100,10.36
307,Sao Joao Do Piaui,BR,2022-01-25 01:19:26,-8.3581,-42.2467,69.08,94,99,2.42
308,Nilanga,IN,2022-01-25 01:19:26,18.1,76.7667,56.35,57,0,8.59
309,Awjilah,LY,2022-01-25 01:19:27,29.1081,21.2869,49.59,68,25,6.29
310,Inhambane,MZ,2022-01-25 01:19:27,-23.865,35.3833,77.23,88,100,13.27
311,Valparaiso,CL,2022-01-25 01:19:27,-33.0393,-71.6273,67.64,48,0,8.05
312,Pendleton,US,2022-01-25 01:19:28,45.6721,-118.7886,33.96,97,100,0.0
313,Adrar,MR,2022-01-25 01:19:28,20.5022,-10.0711,69.6,18,100,7.72
314,Grindavik,IS,2022-01-25 01:19:28,63.8424,-22.4338,43.27,93,100,32.21
315,Siuna,NI,2022-01-25 01:19:29,13.7332,-84.7773,69.57,94,16,3.15
316,Malartic,CA,2022-01-25 01:19:29,48.1335,-78.1328,5.11,87,100,1.32
317,Touros,BR,2022-01-25 01:09:45,-5.1989,-35.4608,79.7,79,100,11.03
318,Cap Malheureux,MU,2022-01-25 01:19:29,-19.9842,57.6142,77.49,70,58,3.0
319,Nabire,ID,2022-01-25 01:19:29,-3.3667,135.4833,85.33,69,96,2.71
320,Beloha,MG,2022-01-25 01:19:30,-25.1667,45.05,70.03,76,0,14.2
321,Sur,OM,2022-01-25 01:20:30,22.5667,59.5289,66.79,68,0,6.42
322,Arkhara,RU,2022-01-25 01:20:30,49.4212,130.0842,-9.6,97,100,0.76
323,Yarmouth,US,2022-01-25 01:20:31,41.7057,-70.2286,32.99,81,100,1.99
324,Qaqortoq,GL,2022-01-25 01:20:31,60.7167,-46.0333,27.1,69,100,15.68
325,Khorramshahr,IR,2022-01-25 01:20:31,30.4397,48.1664,49.96,71,0,4.61
326,Yellowknife,CA,2022-01-25 01:11:33,62.456,-114.3525,-10.59,86,13,10.0
327,Pampas,PE,2022-01-25 01:20:32,-12.4,-74.9,50.68,94,100,4.38
328,Naze,JP,2022-01-25 01:20:32,28.3667,129.4833,59.92,76,98,14.79
329,Nosy Varika,MG,2022-01-25 01:20:32,-20.5833,48.5333,76.46,84,100,16.55
330,Edgewater,US,2022-01-25 01:20:33,28.9889,-80.9023,55.78,76,0,0.0
331,Goure,NE,2022-01-25 01:20:33,13.9835,10.2704,60.03,18,0,13.42
332,Hambantota,LK,2022-01-25 01:20:33,6.1241,81.1185,70.34,82,28,8.21
333,Safaga,EG,2022-01-25 01:20:34,26.7292,33.9365,55.67,49,11,10.45
334,Rudbar,AF,2022-01-25 01:20:34,30.15,62.6,43.81,34,0,4.68
335,Katherine,AU,2022-01-25 01:20:34,-14.4667,132.2667,82.72,74,75,12.66
336,Anse-Bertrand,GP,2022-01-25 01:20:34,16.4721,-61.5078,69.62,62,0,12.88
337,Tiznit,MA,2022-01-25 01:20:35,29.5833,-9.5,51.4,96,20,2.13
338,Isangel,VU,2022-01-25 01:20:35,-19.55,169.2667,82.9,77,100,4.52
339,Ulladulla,AU,2022-01-25 01:20:35,-35.35,150.4667,79.88,60,100,9.84
340,Souillac,MU,2022-01-25 01:20:36,-20.5167,57.5167,77.38,61,40,11.5
341,Camana,PE,2022-01-25 01:20:36,-16.6228,-72.7111,72.18,83,78,7.23
342,Pingliang,CN,2022-01-25 01:20:36,35.5392,106.6861,30.0,68,100,1.86
343,Aklavik,CA,2022-01-25 01:11:32,68.2191,-135.0107,20.46,90,100,13.91
344,Celestun,MX,2022-01-25 01:11:32,20.8667,-90.4,73.89,79,24,11.05
345,Westlock,CA,2022-01-25 01:20:37,54.1502,-113.8688,22.35,97,88,4.65
346,Evensk,RU,2022-01-25 01:20:37,61.95,159.2333,-5.33,84,96,4.56
347,Gorontalo,ID,2022-01-25 01:20:37,0.5412,123.0595,84.04,77,98,0.74
348,Baykit,RU,2022-01-25 01:20:38,61.67,96.37,-13.94,100,85,1.72
349,Canavieiras,BR,2022-01-25 01:15:39,-15.675,-38.9472,75.34,85,100,1.14
350,Bela,IN,2022-01-25 01:20:38,25.9333,81.9833,51.94,89,0,6.67
351,Muskogee,US,2022-01-25 01:18:49,35.5834,-95.3336,55.53,39,0,10.36
352,Lichuan,CN,2022-01-25 01:20:39,30.3,108.85,35.51,99,100,2.59
353,Pacific Grove,US,2022-01-25 01:17:12,36.6177,-121.9166,62.24,79,0,3.0
354,Ilulissat,GL,2022-01-25 01:20:39,69.2167,-51.1,23.02,50,100,14.97
355,Kampene,CD,2022-01-25 01:20:39,-3.6,26.6667,66.96,97,100,0.85
356,Avera,US,2022-01-25 01:20:39,33.194,-82.5271,47.71,63,100,6.71
357,Havre-Saint-Pierre,CA,2022-01-25 01:11:34,50.2334,-63.5986,9.12,81,100,8.48
358,Shenjiamen,CN,2022-01-25 01:20:40,29.9576,122.298,45.18,82,100,12.39
359,Saint Anthony,US,2022-01-25 01:20:40,45.0205,-93.218,5.95,68,0,1.99
360,Bafq,IR,2022-01-25 01:20:40,31.6128,55.4107,43.79,25,0,1.57
361,Madison,US,2022-01-25 01:16:02,34.7334,-86.5667,50.94,61,75,5.75
362,Innisfail,AU,2022-01-25 01:20:41,-17.5333,146.0333,82.72,75,99,5.06
363,Hasaki,JP,2022-01-25 01:20:41,35.7333,140.8333,43.29,54,36,9.89
364,Chulman,RU,2022-01-25 01:20:42,56.8479,124.9104,-24.27,100,100,0.51
365,Port-De-Bouc,FR,2022-01-25 01:20:42,43.4,4.9833,41.76,93,20,6.91
366,Kosonsoy,UZ,2022-01-25 01:20:42,41.2561,71.5508,27.16,37,100,5.35
367,Tabuk,PH,2022-01-25 01:21:42,17.4189,121.4443,74.89,87,57,3.18
368,Kupino,RU,2022-01-25 01:21:43,54.3663,77.2981,-1.73,92,100,6.4
369,Leningradskiy,RU,2022-01-25 01:21:43,69.3833,178.4167,-12.3,90,100,16.49
370,Galesong,ID,2022-01-25 01:21:43,-5.3166,119.3661,84.22,78,68,8.59
371,Morant Bay,JM,2022-01-25 01:21:44,17.8815,-76.4093,80.22,79,1,5.59
372,Kaspiyskiy,RU,2022-01-25 01:21:44,45.3929,47.3707,35.8,88,100,8.08
373,Pokosnoye,RU,2022-01-25 01:21:44,55.5258,101.0536,-3.8,100,100,2.91
374,Naryan-Mar,RU,2022-01-25 01:21:45,67.6713,53.087,28.67,95,100,21.16
375,Sovetskiy,RU,2022-01-25 01:21:45,61.3614,63.5842,5.9,97,99,4.76
376,Bereznik,RU,2022-01-25 01:21:45,62.8551,42.7072,27.18,88,100,12.28
377,Jacareacanga,BR,2022-01-25 01:21:46,-6.2222,-57.7528,73.85,98,100,1.79
378,Inuvik,CA,2022-01-25 01:21:46,68.3499,-133.7218,20.16,93,100,5.75
379,Sola,VU,2022-01-25 01:21:46,-13.8833,167.55,83.84,74,60,8.48
380,Auki,SB,2022-01-25 01:21:47,-8.7676,160.7034,84.47,74,100,5.64
381,Flinders,AU,2022-01-25 01:21:47,-34.5833,150.8552,80.06,69,100,4.0
382,Belmonte,BR,2022-01-25 01:21:47,-15.8631,-38.8828,75.7,83,93,1.61
383,San Cristobal,VE,2022-01-25 01:21:48,7.7669,-72.225,73.58,77,54,0.54
384,Aripuana,BR,2022-01-25 01:21:48,-9.1667,-60.6333,73.53,97,61,2.15
385,Dukat,RU,2022-01-25 01:21:48,62.55,155.55,-22.38,96,97,3.02
386,Port Hawkesbury,CA,2022-01-25 01:21:48,45.6169,-61.3485,23.59,88,75,5.99
387,Banda Aceh,ID,2022-01-25 01:21:49,5.5577,95.3222,77.59,82,82,4.05
388,Whitianga,NZ,2022-01-25 01:21:49,-36.8333,175.7,72.1,78,80,11.68
389,Sao Joao Da Barra,BR,2022-01-25 01:21:49,-21.6403,-41.0511,76.39,86,51,13.94
390,Amahai,ID,2022-01-25 01:21:50,-3.3333,128.9167,86.0,64,96,0.83
391,Kununurra,AU,2022-01-25 01:18:35,-15.7667,128.7333,82.38,83,100,8.05
392,Paulista,BR,2022-01-25 01:21:50,-7.9408,-34.8731,82.26,78,18,7.85
393,San Lorenzo,PY,2022-01-25 01:21:50,-25.3333,-57.5333,90.54,46,75,5.75
394,Tuatapere,NZ,2022-01-25 01:21:51,-46.1333,167.6833,60.82,61,100,7.99
395,Kashi,CN,2022-01-25 01:21:51,39.4547,75.9797,20.41,58,89,8.95
396,Almunecar,ES,2022-01-25 01:21:51,36.7339,-3.6907,53.69,77,29,2.13
397,Vrsac,RS,2022-01-25 01:21:52,45.1167,21.3036,3.02,85,31,1.14
398,Lucea,JM,2022-01-25 01:21:52,18.451,-78.1736,76.86,75,1,6.22
399,Mansa,IN,2022-01-25 01:21:52,29.9833,75.3833,45.14,90,0,3.18
400,Rio Gallegos,AR,2022-01-25 01:21:37,-51.6226,-69.2181,55.45,44,20,27.63
401,Tasiilaq,GL,2022-01-25 01:17:31,65.6145,-37.6368,23.16,90,100,8.55
402,Sinazongwe,ZM,2022-01-25 01:21:53,-17.2614,27.4618,69.96,87,100,7.49
403,Dudinka,RU,2022-01-25 01:21:53,69.4058,86.1778,-4.97,97,100,18.37
404,Mayen,DE,2022-01-25 01:21:53,50.3333,7.2167,36.68,91,0,1.1
405,Chipinge,ZW,2022-01-25 01:21:54,-20.1883,32.6236,63.68,98,100,7.83
406,Pangnirtung,CA,2022-01-25 01:21:54,66.1451,-65.7125,-0.49,100,100,7.47
407,Ullapool,GB,2022-01-25 01:21:54,57.8987,-5.1604,48.94,91,100,6.82
408,Jalor,IN,2022-01-25 01:21:55,25.35,72.6167,50.25,54,0,4.18
409,Dubbo,AU,2022-01-25 01:21:55,-32.25,148.6167,73.53,68,75,13.8
410,Tepalcatepec,MX,2022-01-25 01:21:55,19.1833,-102.85,79.72,31,100,7.56
411,Curitibanos,BR,2022-01-25 01:21:56,-27.2828,-50.5844,65.79,99,100,2.55
412,Port Macquarie,AU,2022-01-25 01:21:56,-31.4333,152.9167,78.89,62,100,3.87
413,Yarada,IN,2022-01-25 01:21:56,17.65,83.2667,70.12,100,20,2.3
414,Sangar,RU,2022-01-25 01:22:57,63.9242,127.4739,-28.89,100,100,1.5
415,Abu Zabad,SD,2022-01-25 01:22:57,12.35,29.25,63.52,18,4,13.51
416,Gat,IL,2022-01-25 01:22:57,31.61,34.7642,45.39,80,2,7.58
417,Shitanjing,CN,2022-01-25 01:22:58,39.2342,106.3439,18.48,55,6,3.15
418,Jilib,SO,2022-01-25 01:22:58,0.4883,42.7854,74.3,83,6,9.37
419,Svetlogorsk,BY,2022-01-25 01:22:58,52.6333,29.7333,5.94,98,67,3.76
420,Montalban,FR,2022-01-25 01:22:59,44.0167,1.35,43.34,88,0,4.14
421,Soyo,AO,2022-01-25 01:22:59,-6.1349,12.3689,76.19,85,86,4.14
422,Tabas,IR,2022-01-25 01:23:00,33.5959,56.9244,41.59,26,0,1.12
423,Severo-Yeniseyskiy,RU,2022-01-25 01:23:00,60.3725,93.0408,-11.13,100,83,2.53
424,Talaya,RU,2022-01-25 01:23:00,61.3833,152.75,-33.0,99,100,0.54
425,Tolaga Bay,NZ,2022-01-25 01:23:01,-38.3667,178.3,70.66,72,100,13.15
426,Conceicao Do Araguaia,BR,2022-01-25 01:23:01,-8.2578,-49.2647,73.81,91,56,3.11
427,Padang,ID,2022-01-25 01:22:24,-0.9492,100.3543,77.05,76,85,3.02
428,Mirnyy,RU,2022-01-25 01:23:01,62.5353,113.9611,-6.77,83,100,1.99
429,Chaumont,FR,2022-01-25 01:23:02,48.1167,5.1333,25.09,80,0,3.58
430,Date,JP,2022-01-25 01:23:02,42.4681,140.8681,29.88,72,17,4.54
431,Amuntai,ID,2022-01-25 01:23:02,-2.4177,115.2494,79.9,87,100,1.9
432,Belize,BZ,2022-01-25 01:23:03,17.25,-88.75,73.72,97,0,3.2
433,Havoysund,NO,2022-01-25 01:22:13,70.9963,24.6622,31.08,79,100,41.05
434,Ixtapa,MX,2022-01-25 01:23:03,20.7,-105.2,69.22,88,100,5.75
435,Fairbanks,US,2022-01-25 01:20:31,64.8378,-147.7164,35.94,80,75,4.61
436,Key West,US,2022-01-25 01:21:14,24.5557,-81.7826,62.01,77,0,4.61
437,Shar,KZ,2022-01-25 01:23:03,49.5886,81.0453,-14.58,100,100,2.82
438,Necochea,AR,2022-01-25 01:21:48,-38.5473,-58.7368,65.03,80,0,7.11
439,Bossier City,US,2022-01-25 01:23:04,32.516,-93.7321,50.18,89,100,5.75
440,Praya,CV,2022-01-25 01:23:04,14.9215,-23.5087,75.74,69,20,14.97
441,Kharabali,RU,2022-01-25 01:23:04,47.4196,47.2568,27.21,95,100,10.54
442,Cooma,AU,2022-01-25 01:19:06,-36.2333,149.1333,77.86,47,100,1.63
443,Saint-Denis,FR,2022-01-25 01:23:05,48.9167,2.3333,34.11,92,100,3.44
444,Alta Floresta,BR,2022-01-25 01:22:46,-9.8756,-56.0861,72.12,93,64,3.47
445,Jeremoabo,BR,2022-01-25 01:23:05,-10.075,-38.4808,70.72,93,90,4.23
446,Alice Springs,AU,2022-01-25 01:19:27,-23.7,133.8833,85.55,62,75,10.36
447,Wanning,CN,2022-01-25 01:23:06,18.8003,110.3967,74.21,84,29,4.07
448,Deming,US,2022-01-25 01:23:06,32.2687,-107.7586,53.49,28,0,10.36
449,Narsaq,GL,2022-01-25 01:23:06,60.9167,-46.05,26.82,84,100,9.46
450,Mount Hagen,PG,2022-01-25 01:23:07,-5.8581,144.2274,72.36,64,20,4.61
451,Xinglongshan,CN,2022-01-25 01:23:07,43.9561,125.4661,6.55,72,99,4.47
452,Stornoway,GB,2022-01-25 01:23:07,58.2093,-6.3865,46.36,98,100,1.01
453,Moba,CN,2022-01-25 01:23:08,33.2288,105.0179,29.55,92,93,2.44
454,Vardo,NO,2022-01-25 01:22:00,70.3705,31.1107,29.17,79,93,26.93
455,Thai Binh,VN,2022-01-25 01:23:08,20.45,106.3333,66.2,92,100,10.78
456,Rawlins,US,2022-01-25 01:18:34,41.7911,-107.2387,28.62,58,0,3.44
457,Carora,VE,2022-01-25 01:23:09,10.1755,-70.0827,79.36,58,100,8.21
458,Mount Isa,AU,2022-01-25 01:23:09,-20.7333,139.5,82.17,83,40,9.22
459,Tessalit,ML,2022-01-25 01:23:09,20.1986,1.0114,60.24,19,100,9.53
460,Port Blair,IN,2022-01-25 01:23:09,11.6667,92.75,71.64,88,20,2.3
461,Guanica,PR,2022-01-25 01:23:10,17.9716,-66.908,77.05,82,0,1.01
462,Camopi,GF,2022-01-25 01:23:10,3.1655,-52.3158,71.24,99,100,2.19
463,Udachnyy,RU,2022-01-25 01:24:10,66.4167,112.4,-23.55,100,100,3.85
464,Barra Do Corda,BR,2022-01-25 01:24:11,-5.5,-45.25,73.15,95,100,3.65
465,Chikmagalur,IN,2022-01-25 01:24:11,13.3167,75.7833,54.21,84,18,2.89
466,Mabaruma,GY,2022-01-25 01:24:11,8.2,-59.7833,71.42,99,37,3.33
467,Lethem,GY,2022-01-25 01:24:12,3.3803,-59.7968,80.46,63,98,10.71
468,Muscat,OM,2022-01-25 01:24:12,23.6139,58.5922,64.42,61,0,8.77
469,Rudnogorsk,RU,2022-01-25 01:24:12,57.2639,103.7519,-11.6,100,99,1.43
470,Cockburn Town,TC,2022-01-25 01:24:12,21.4612,-71.1419,77.76,73,0,5.41
471,Constantine,DZ,2022-01-25 01:24:13,36.365,6.6147,36.81,80,0,1.14
472,Khilok,RU,2022-01-25 01:24:13,51.3674,110.4676,3.34,94,100,4.7
473,Parkes,AU,2022-01-25 01:24:13,-33.1333,148.1833,77.36,67,100,1.01
474,Karatu,TZ,2022-01-25 01:24:14,-3.3333,35.6667,61.9,84,100,2.64
475,Olinda,BR,2022-01-25 01:21:31,-8.0089,-34.8553,82.13,74,40,6.91
476,Nichinan,JP,2022-01-25 01:24:14,31.6,131.3667,47.88,86,100,8.01
477,Olivenca,BR,2022-01-25 01:24:14,-9.5186,-37.1906,76.66,78,100,9.55
478,Mucurapo,TT,2022-01-25 01:24:15,10.6667,-61.5333,77.25,79,49,10.47
479,Severnyy,RU,2022-01-25 01:24:15,50.677,36.5532,17.64,86,75,4.47
480,Taltal,CL,2022-01-25 01:20:20,-25.4,-70.4833,65.66,84,35,3.09
481,Capinopolis,BR,2022-01-25 01:24:15,-18.6819,-49.5697,73.53,82,47,4.32
482,Manaure,CO,2022-01-25 01:23:56,11.7751,-72.4445,77.81,76,100,18.37
483,Lingao,CN,2022-01-25 01:24:16,19.9103,109.6859,69.78,91,58,14.99
484,Eskisehir,TR,2022-01-25 01:22:23,39.7767,30.5206,6.71,85,75,2.3
485,Oistins,BB,2022-01-25 01:22:51,13.0667,-59.5333,77.09,69,20,12.66
486,Iralaya,HN,2022-01-25 01:24:16,15.0,-83.2333,76.23,77,0,8.14
487,Kimbe,PG,2022-01-25 01:24:17,-5.5502,150.1429,87.33,66,98,4.9
488,Ritchie,ZA,2022-01-25 01:24:17,-29.038,24.6028,63.61,32,4,5.57
489,Rengasdengklok,ID,2022-01-25 01:24:17,-6.1592,107.2981,85.12,75,98,8.86
490,Pisco,PE,2022-01-25 01:24:17,-13.7,-76.2167,69.85,78,20,20.71
491,Isetskoye,RU,2022-01-25 01:24:18,56.4858,65.3226,8.38,95,99,8.08
492,Benoy,TD,2022-01-25 01:24:18,8.9833,16.3199,70.93,18,9,7.67
493,San Lazaro,BZ,2022-01-25 01:24:18,18.0387,-88.6622,71.56,93,0,5.14
494,Mazagao,BR,2022-01-25 01:24:19,-0.115,-51.2894,78.85,94,99,2.95
495,Matay,EG,2022-01-25 01:24:19,28.419,30.7792,44.85,51,0,5.3
496,Pitimbu,BR,2022-01-25 01:24:19,-7.4706,-34.8086,77.59,75,18,8.63
497,Osterburg,DE,2022-01-25 01:24:20,52.7833,11.7667,40.21,78,100,6.33
498,Vao,NC,2022-01-25 01:24:20,-22.6667,167.4833,77.22,67,8,7.27
499,Jaumave,MX,2022-01-25 01:24:20,23.4167,-99.3833,49.28,68,82,3.18
500,Kojori,GE,2022-01-25 01:24:21,41.6594,44.7025,27.9,68,100,6.51
501,Yulara,AU,2022-01-25 01:24:17,-25.2406,130.9889,87.64,40,5,10.36
502,Larsnes,NO,2022-01-25 01:24:21,62.2028,5.5773,40.01,67,100,5.46
503,Antofagasta,CL,2022-01-25 01:24:21,-23.65,-70.4,63.68,85,34,5.32
504,Saint Peter,BB,2022-01-25 01:24:22,13.25,-59.6167,75.76,69,9,15.97
505,Tezu,IN,2022-01-25 01:24:22,27.9167,96.1667,55.63,70,100,1.54
506,Saint-Louis,SN,2022-01-25 01:24:22,16.3333,-15.0,77.72,10,100,10.85
507,Kalmunai,LK,2022-01-25 01:24:23,7.4167,81.8167,71.26,78,53,2.19
508,Huilong,CN,2022-01-25 01:24:23,31.8111,121.655,46.04,80,100,8.52
509,Katsuura,JP,2022-01-25 01:24:23,35.1333,140.3,45.19,59,91,9.08
510,Mookane,BW,2022-01-25 01:25:24,-23.688,26.6595,71.24,49,13,4.56
511,Anito,PH,2022-01-25 01:25:24,12.4497,125.2886,78.37,93,100,11.81
512,Mana,GF,2022-01-25 01:25:24,5.6592,-53.7767,77.16,82,75,9.8
513,Honiara,SB,2022-01-25 01:25:24,-9.4333,159.95,85.93,75,98,6.8
514,Esperance,AU,2022-01-25 01:25:25,-33.8667,121.9,67.84,73,88,13.87
515,Canberra,AU,2022-01-25 01:24:30,-35.2835,149.1281,81.68,62,98,3.44
516,Howard Springs,AU,2022-01-25 01:25:25,-12.497,131.047,85.87,86,100,8.37
517,Anuradhapura,LK,2022-01-25 01:25:25,8.3565,80.4173,65.61,88,100,4.88
518,Grenchen,CH,2022-01-25 01:25:26,47.1921,7.3959,32.11,93,100,2.3
519,Inverell,AU,2022-01-25 01:25:26,-29.7833,151.1167,82.67,64,89,4.0
520,Olyka,UA,2022-01-25 01:25:27,50.7186,25.8125,17.92,95,31,6.8
521,Gerash,IR,2022-01-25 01:25:27,27.6652,54.1371,42.94,40,0,3.42
522,Los Llanos De Aridane,ES,2022-01-25 01:25:27,28.6585,-17.9182,60.55,77,75,3.0
523,High Level,CA,2022-01-25 01:25:27,58.5169,-117.136,3.31,85,100,9.22
524,Kudahuvadhoo,MV,2022-01-25 01:25:28,2.6708,72.8944,80.37,63,100,11.23
525,Rosetta,EG,2022-01-25 01:25:28,31.4044,30.4164,51.62,64,4,13.62
526,Umm Kaddadah,SD,2022-01-25 01:25:28,13.6017,26.6876,60.04,19,1,15.23
527,Turmalina,BR,2022-01-25 01:25:29,-17.2856,-42.73,64.8,94,8,2.24
528,Bandar,ID,2022-01-25 01:25:29,2.05,99.75,74.79,91,100,1.28
529,Syracuse,IT,2022-01-25 01:25:29,37.0881,15.2792,42.17,53,20,19.6
530,Bilma,NE,2022-01-25 01:25:30,18.6853,12.9164,54.77,27,0,10.87
531,Clarence Town,AU,2022-01-25 01:25:30,-32.5833,151.7833,79.61,60,100,3.42
532,San Miguel,SV,2022-01-25 01:25:30,13.4833,-88.1833,75.96,64,0,3.85
533,Zatoka,UA,2022-01-25 01:25:31,46.0725,30.4654,23.54,92,100,21.72
534,Mnogovershinnyy,RU,2022-01-25 01:23:26,53.9353,139.9242,-1.01,88,30,4.21
535,Pechenga,RU,2022-01-25 01:23:33,69.5259,31.1703,22.06,85,11,23.47
536,Kibala,TD,2022-01-25 01:25:31,9.1104,18.3463,69.75,35,0,2.3
537,Knysna,ZA,2022-01-25 01:25:31,-34.0363,23.0471,68.38,83,64,4.47
538,Skibbereen,IE,2022-01-25 01:25:32,51.55,-9.2667,44.4,81,100,5.06
539,Trairi,BR,2022-01-25 01:23:29,-3.2778,-39.2689,77.45,83,100,6.02
540,Nigde,TR,2022-01-25 01:25:32,37.8333,34.75,6.49,65,100,7.05
541,Port-Gentil,GA,2022-01-25 01:25:32,-0.7193,8.7815,79.86,84,99,10.96
542,Oga,IT,2022-01-25 01:25:33,46.4631,10.347,30.88,64,1,3.09
543,Chumikan,RU,2022-01-25 01:25:33,54.7183,135.315,-3.15,88,16,18.23
544,Kushmurun,KZ,2022-01-25 01:25:33,52.4503,64.6311,-4.43,93,100,5.06
545,Altay,CN,2022-01-25 01:25:34,47.8667,88.1167,-0.89,63,59,7.11
546,Mindelo,CV,2022-01-25 01:25:34,16.8901,-24.9804,72.95,68,75,27.63
547,Olga,RU,2022-01-25 01:25:34,43.7444,135.2892,19.74,47,51,3.62
548,Broome,US,2022-01-25 01:25:35,42.2506,-75.833,23.16,79,100,1.01
549,Saint Pete Beach,US,2022-01-25 01:25:35,27.7253,-82.7412,55.87,69,0,4.61
550,Quatre Cocos,MU,2022-01-25 01:25:35,-20.2078,57.7625,77.11,68,94,17.74
551,Matadi,CD,2022-01-25 01:25:36,-5.8167,13.45,73.24,91,100,2.68
552,Nizhniy Kuranakh,RU,2022-01-25 01:25:36,58.8353,125.4869,0.07,98,100,2.93
553,Bay Roberts,CA,2022-01-25 01:25:36,47.5999,-53.2648,33.51,90,100,7.0
554,Manta,EC,2022-01-25 01:25:37,-0.95,-80.7333,78.58,78,75,6.91
555,College,US,2022-01-25 01:25:37,64.8569,-147.8028,35.92,80,75,3.44
556,Talara,PE,2022-01-25 01:25:37,-4.5772,-81.2719,70.88,89,96,13.62
557,Baherden,TM,2022-01-25 01:25:37,38.4362,57.4316,39.33,42,0,4.36
558,Viedma,AR,2022-01-25 01:26:38,-40.8135,-62.9967,69.19,39,0,10.09
559,Winslow,US,2022-01-25 01:23:32,35.0242,-110.6974,53.78,24,0,0.0
560,Markova,UA,2022-01-25 01:22:26,48.6758,24.4138,6.84,82,6,5.82
561,Kawalu,ID,2022-01-25 01:26:38,-7.3817,108.2082,79.52,77,55,0.83
562,Aasiaat,GL,2022-01-25 01:26:39,68.7098,-52.8699,7.9,89,100,8.59
563,Karymskoye,RU,2022-01-25 01:26:39,51.6167,114.35,2.3,96,100,2.8
564,Lagoa,PT,2022-01-25 01:23:30,39.05,-27.9833,58.59,68,100,9.44
565,Tahoua,NE,2022-01-25 01:26:39,14.8888,5.2692,59.94,19,0,10.51
566,Longview,US,2022-01-25 01:26:40,32.5007,-94.7405,52.05,93,75,1.99
567,Jieshou,CN,2022-01-25 01:26:40,33.2634,115.3611,35.53,69,15,0.94
568,Penzance,GB,2022-01-25 01:26:40,50.1186,-5.5371,45.28,72,100,8.46
569,Atakpame,TG,2022-01-25 01:26:41,7.5333,1.1333,74.21,22,4,3.13
570,Nanakuli,US,2022-01-25 01:26:41,21.3906,-158.1547,82.35,48,0,6.91
571,Kavaratti,IN,2022-01-25 01:26:41,10.5669,72.642,77.56,60,100,9.89
572,San Quintin,MX,2022-01-25 01:26:41,30.4833,-115.95,62.15,56,4,8.77
573,Ponta Delgada,PT,2022-01-25 01:26:42,37.7333,-25.6667,59.5,82,20,4.61
574,Lorengau,PG,2022-01-25 01:26:42,-2.0226,147.2712,85.68,69,96,7.99
575,Sabana De Torres,CO,2022-01-25 01:26:42,7.3915,-73.4957,81.12,67,98,2.15
576,Deputatskiy,RU,2022-01-25 01:26:43,69.3,139.9,-15.59,97,100,4.47
577,Carauari,BR,2022-01-25 01:26:43,-4.8828,-66.8958,74.39,96,80,1.16
578,Manggar,ID,2022-01-25 01:26:43,-2.8833,108.2667,81.77,72,98,10.83
579,Pacifica,US,2022-01-25 01:26:44,37.6138,-122.4869,61.27,85,20,1.01
580,Chapais,CA,2022-01-25 01:26:44,49.7834,-74.8492,-6.02,99,100,2.24
581,Turayf,SA,2022-01-25 01:26:44,31.6725,38.6637,32.25,100,0,9.22
582,Pahrump,US,2022-01-25 01:24:14,36.2083,-115.9839,59.76,28,0,1.01
583,Aleksandrovskiy Zavod,RU,2022-01-25 01:26:45,50.9237,117.9374,1.04,96,98,2.71
584,Santiago Del Estero,AR,2022-01-25 01:26:45,-27.7951,-64.2615,78.73,79,84,5.35
585,Hargeysa,SO,2022-01-25 01:26:45,9.56,44.065,54.63,88,92,11.97
586,Cabedelo,BR,2022-01-25 01:25:26,-6.9811,-34.8339,77.67,75,5,9.1
587,Khromtau,KZ,2022-01-25 01:26:46,50.2503,58.4347,-6.99,100,94,1.23
588,Beira,MZ,2022-01-25 01:26:46,-19.8436,34.8389,79.25,88,100,25.43
